Followers,Entries,Last Message Timestamp
RKsaber,2,1547093983556
adeun_me,2,
raysns_,4,1547328261518
luhey67,2,
mxamillion_,2,1547326865667
VegasIsrael,3,1547327637721
JubJub2210,2,
CaptN3mQ,1,
HiltCoW,1,
TheGingerJesus11,1,
stompyaf,1,
Bdren1,1,
33_C0,1,
TrickyXVI,1,
arogorn993,1,
OscarGerber,1,
gvfhb,1,
gamingboy5634,1,
creepinonyourstream,1,
DG17R,1,
case_ih188,1,
CrystalMat,1,
MiliohELO,1,
samlthecamll,3,1547326853570
IGOT7FELONIES,1,
dogukan_aydar,1,
g00dguykal,2,1547333229814
ahave,2,1547329643722
rybreadw,1,
JeanMarquess,2,1547327405266